nomeCategoryApp,nomeApp,PoliticaPrivacy
,,//www.iubenda.com/privacy-policy/65675001
,,http://accountlabprivacy.blogspot.com/2017/03/flashlight-privacy-policy.html
,,/privacy-policy
,,
,,https://www.addtoany.com/add_to/facebook?linkurl=https%3A%2F%2Fblog.bandlab.com%2Fprivacy-policy%2F&linkname=Privacy%20Policy
,,privacy-policy.shtml
,,https://digizonetech.blogspot.com/2019/11/privacy-policy.html
,,/user/?destination=/terms-and-conditions/privacy-policy
,,http://www.girlyapps.com/privacy-policy.php
,,http://www.winkypinky.com/privacy-policy.php
,,/privacy-policy-eu
,,/en/legal/privacy-policy/
,,/privacy-policy
,,
,,https://www.navionics.com/usa/legal/privacy-policy
,,
,,
,,http://try.crashlytics.com/terms/privacy-policy.pdf
,,
,,
,,
,,
,,http://about.musixmatch.com/privacy-policy/#section-data-controller
,,https://kid-control.com/privacy-policy/
,,
,,
,,https://www.geo.tv/privacy-policy-and-tos
,,
,,//www.channelstv.com/aboutus/privacy-policy/
,,
,,/knowledgebase/topics/68019-privacy-policy
,,
,,http://www.getkeepsafe.com/privacy-policy-tos-01-29-2018/
,,/privacy-policy.html
,,
,,
,,https://www.sygic.com/de/company/privacy-policy
,,
,,
,,https://www.thesecret.tv/customer-privacy-policy/
,,http://www.tambucho.es/android/privacy-policy/
,,https://unity3d.com/legal/privacy-policy
,,
,,https://accounts.google.com/ServiceLogin?continue=https://sites.google.com/site/mihalichds/products/privacy-policy&service=jotspot
,,https://www.sanfordguide.com/about/legal/privacy-policy/
,,
,,/view/musicdownloader-privacy-policy/首页
,,
,,/br/legal/privacy-policy/
,,
,,
,,
,,http://www.inmobi.com/privacy-policy/
,,/privacy-policy
,,/view/privacy-policy-of-freeringtone/home
,,/privacy-policy.html
,,http://appairbrush.com/ru/privacy-policy/
,,/view/privacy-policy-newringsfree/home
,,https://aphotostudio.tumblr.com/post/178885611468/privacy-policy
,,/view/pixamattic/privacy-policy
,,
,,/privacy-policy.html
,,https://abinashneupane.wordpress.com/privacy-policy/
,,
,,http://try.crashlytics.com/terms/privacy-policy.pdf
,,/privacy-policy
,,/site/mxvpen/about/privacy-policy
,,
,,/en/privacy-policy
,,https://ppclink.com/apps/privacy-policy/
,,
,,
,,
,,/privacy-policy
,,/kodi-privacy-policy
,,http://appsddoz.blogspot.com/2017/03/terms-of-service-and-privacy-policy.html
,,http://www.mobfox.com/privacy-policy/
,,https://okappz.com/privacy-policy/
,,
,,https://photovideoapps.wordpress.com/fastsave-privacy-policy/?share=twitter
,,
,,/help-online/privacy-policy
,,/privacy-policy
,,
,,
,,https://lazygeniouz.com/privacy-policy-apps/
,,
,,https://www.kodebrowser.com/privacy-policy
,,
,,https://toptapapps.blogspot.com/2019/10/privacy-policy.html
,,https://www.modanisa.com/en/membership/login/?showRegister=true&return=%2Fprivacy-policy.page
,,//www.iubenda.com/privacy-policy/51596779
,,https://pakdata.com/privacy-policy/
,,/en/23-privacy-policy
,,/privacy-policy
,,#scope-of-this-privacy-policy
,,/th/footer/privacy-policy
,,/en/legal/privacy-policy
,,https://www.bein.net/en/privacy-policy/
,,
,,http://www.liverpoolfc.com/legal/privacy-policy
,,http://try.crashlytics.com/terms/privacy-policy.pdf
,,http://www.inmobi.com/privacy-policy/
,,http://try.crashlytics.com/terms/privacy-policy.pdf
,,/privacy-policy
,,https://www.happeningstudios.com/swipe-for-facebook-privacy-policy/
,,/privacy-policy
,,
,,
,,https://www.hurb.com/br/privacy-policy
,,https://www.freeprivacypolicy.com/free-privacy-policy-generator.php
,,/about/privacy-policy/
,,
,,//www.iubenda.com/privacy-policy/65675001
,,/textgram-privacy-policy
,,https://policyoftheapp.blogspot.com/2020/03/privacy-policy.html
,,/privacy-policy
,,http://legal.calldorado.com/privacy-policy
,,https://aapniappstech.wixsite.com/index/privacy-policy
,,#teamviewer-website-privacy-policy
,,
,,https://www.xmode.io/xmode-privacy-policy-2/
,,https://clevertap.com/privacy-policy/
,,
,,
,,
,,/about/privacy-policy/
,,http://www.tuttoilcalcio.it/site/privacy-policy-en/
,,https://unity3d.com/legal/privacy-policy
,,/view/paidappsfree/privacy-policy
,,
,,https://about.pinterest.com/en/privacy-policy
,,/view/mobile-privacy-policy/home
,,https://baramgames.com/privacy-policy/
,,https://kideo.tech/privacy-policy/
,,/view/udenity/privacy-policy
,,//www.lazada.com.ph/privacy-policy/
,,
,,
,,
,,http://www.melesta-games.com/en-privacy-policy/
,,https://play365.io/GOW/privacy-policy/
,,http://gunjanappstudios.com/privacy-policy/
,,https://bighugegames.com/privacy-policy-french/
,,https://bimiboo.com/privacy-policy-de/
,,
,,http://www.melesta-games.com/en-privacy-policy/
,,http://frogmindgames.com/privacy-policy
,,http://games.taplane.com/privacy-policy/
,,
,,/en/privacy-policy/de/
,,
,,https://www.nextgames.com/es/privacy-policy/
,,
,,https://my-town.com/privacy-policy/
,,https://www.3bmeteo.com/privacy-policy
,,/privacy-policy
,,https://superluckycasino.com/privacy-policy/
,,
,,privacy-policy.shtml
,,
,,https://kahoot.com/privacy-policy/#children-policy
,,
,,
,,https://www.zytoona.com/privacy-policy
,,https://www.bitmango.com/privacy-policy/
,,/privacy-policy
,,
,,
,,/mag-policy-and-service/privacy-policy/
,,
,,/other/privacy-policy
,,privacy-policy.shtml
,,http://www.frojoapps.com/privacy-policy
,,https://www.pjmasks.com/privacy-policy/
,,https://www.frojoapps.com/privacy-policy
,,https://unity3d.com/legal/privacy-policy
,,https://unity3d.com/legal/privacy-policy
,,https://www.adcolony.com/privacy-policy/
,,
,,
,,https://funkidstudio.com/privacy-policy/
,,
,,https://www.sparklingsociety.net/privacy-policy/
,,https://www.pazugames.com/privacy-policy
,,
,,http://www.google.com/url?q=http%3A%2F%2Fwww.adcolony.com%2Fprivacy-policy&sa=D&sntz=1&usg=AFQjCNFVpZR4q8DLFNJKVHn181KCZDNUTg
,,https://unity3d.com/legal/privacy-policy
,,
,,https://www.bigbluebubble.com/privacy-policy/
,,https://gismart.com/privacy-policy/
,,/a/sky-children-of-the-light/?s=legal&f=privacy-policy&l=en
,,http://www.gogogame.com/privacy-policy.html
,,https://djinnworks.at/privacy-policy
,,https://gismart.com/privacy-policy/
,,http://tltgames.ru/privacy-policy-en
,,https://d2ph28qcv9dhz6.cloudfront.net/wp-content/uploads/privacy-policy
,,https://www.admost.com/privacy-policy
,,
,,https://d2ph28qcv9dhz6.cloudfront.net/wp-content/uploads/privacy-policy
,,/view/focus-apps-privacy-policy/首页
,,http://www.ohbibi.com/privacy-policy.
,,https://unity3d.com/legal/privacy-policy
,,/a/f1-mobile-racing/?s=privacy-policy&l=en
,,http://www.bulbware.com/privacy-policy/
,,
,,https://www.woodypuzzle.com/privacy-policy
,,http://www.games2win.com/corporate/privacy-policy.asp
,,
,,https://unity3d.com/legal/privacy-policy
,,
,,http://xiaoqinprivacypolicy.blogspot.com/2016/12/privacy-policy.html
,,http://crazymaplestudio.blogspot.com/2017/03/privacy-policy.html
,,/ru/en/privacy-policy/
,,http://codigames.com/privacy-policy/
,,/privacy-policy
,,https://www.nanobit.com/privacy-policy/
,,/privacy-policy/
,,
,,https://www.iubenda.com/privacy-policy/877900
,,
,,
,,http://www.skgames.net/privacy-policy
,,https://zigzagame.com/privacy-policy/
,,/privacy-policy
,,/view/game-privacy-policy-2018-2/home
,,
,,https://www.adcolony.com/privacy-policy/
,,
,,
,,https://unity3d.com/pt/legal/privacy-policy
,,https://unity3d.com/legal/privacy-policy
,,
,,https://unity3d.com/legal/privacy-policy
,,
,,/website-privacy-policy
,,
,,
,,//www.iubenda.com/privacy-policy/gdpr/7867093/cookie-policy
,,https://www.adjust.com/terms/privacy-policy/
,,https://www.centurygame.com/zh/privacy-policy/
,,
,,/privacy-policy
,,https://www.snap.com/en-GB/privacy/privacy-policy/
,,
,,https://gamegou.tumblr.com/post/184889866644/gamegou-privacy-policy
,,/view/simple-vision-apps/home/gif-maker-privacy-policy
,,https://www.appsflyer.com/services-privacy-policy
,,//www.iubenda.com/privacy-policy/65675001
,,https://www.greenhouse.io/privacy-policy
,,https://www.fitness22.com/privacy-policy
,,
,,https://www.wimhofmethod.com/privacy-policy
,,https://www.appsflyer.com/privacy-policy/
,,https://www.headspace.com/privacy-policy
,,
,,
,,/privacy-policy
,,https://www.theorganisedmum.blog/app-privacy-policy/
,,https://web.archive.org/web/20170926171512/https://codematics.co/privacy-policy
,,https://www.mobfox.com/privacy-policy/
,,https://www.realtor.com/privacy-policy/
,,http://www.adcolony.com/privacy-policy
,,/br/pt/legal/privacy-policy
,,/privacy-policy
,,http://www.edkongames.com/privacy-policy/#bookmark3
,,/en-US/twc/privacy-policy
,,/view/flutter-catalog-privacy-policy/首页
,,
,,http://www.adcolony.com/privacy-policy
,,http://www.oracle.com/us/legal/privacy/marketing-cloud-data-cloud-privacy-policy/index.html
,,https://www.playgendary.com/privacy-policy-cyprus
,,
,,https://unity3d.com/legal/privacy-policy
,,https://unity3d.com/legal/privacy-policy
,,
,,/privacy-policy/
,,https://unity3d.com/legal/privacy-policy
,,https://www.bbumgames.com/privacy-policy
,,https://www.tapjoy.com/legal/#privacy-policy
,,privacy/privacy-policy.html#1-Information-We-Collect
,,/privacy-policy.html
,,https://home.tapjoy.com/legal/#privacy-policy
,,https://try.crashlytics.com/terms/privacy-policy.pdf
,,https://www.iubenda.com/privacy-policy/817732
,,/privacy-policy#copd
,,https://www.flaregames.com/gdpr-privacy-policy/
,,https://www.playtika.com/privacy-policy/ru
,,/cn/user/login?return=cn/legal/privacy-policy
,,https://unity3d.com/legal/privacy-policy
,,https://www.moonfroglabs.com/privacy-policy/
,,https://unity3d.com/legal/privacy-policy
,,
,,https://unity3d.com/legal/privacy-policy
,,../privacy-policy/
,,/legal/en/privacy-policy
,,http://www.pgstudio.io/privacy-policy/
,,https://portalgames.pl/en/privacy-policy/
,,/view/privacy-policy-match-3-blaster/home
,,/more/privacy-policy/
,,http://pizzagames.net/privacy-policy/
,,/privacy-policy/
,,http://cyberdog.ca/kemono-mahjong/privacy-policy/
,,https://app-privacy-policy-generator.firebaseapp.com/
,,
,,
,,
,,/privacy-policy
,,https://www.ironsrc.com/privacy-policy/
,,https://unity3d.com/legal/privacy-policy
,,
,,/privacy-policy/
,,
,,http://www.flurry.com/privacy-policy.html
,,
,,
,,https://playstudios.com/california-privacy-policy/
,,https://unity3d.com/legal/privacy-policy
,,https://huuugegames.com/privacy-policy/#california+privacy+notice
,,https://www.playtika.com/privacy-policy
,,
,,http://bebi.family/privacy-policy/
,,https://huuugegames.com/privacy-policy/#california+privacy+notice
,,https://www.history4geeks.com/privacy-policy
,,https://fbreader.org/content/privacy-policy
,,/privacy-policy
,,//www.thefreedictionary.com/privacy-policy.htm
,,https://www.colombiaonline.com/privacy-policy
,,/br/pt/documents/privacy-policy
,,
,,https://www.monefy.me/monefy-privacy-policy/
,,http://try.crashlytics.com/terms/privacy-policy.pdf
,,
,,https://tictactoe-brain-games.blogspot.com/2018/10/incognito-browser-privacy-policy.html
,,http://www.carscanner.info/en/privacy-policy/
,,https://www.stoutner.com/privacy-browser/privacy-policy/
,,https://www.playstation.com/es-ar/network/legal/privacy-policy/
,,https://fastdic.com/privacy-policy/persian
,,https://www.volcera.io/privacy-policy
,,
,,//www.iubenda.com/privacy-policy/65675001
,,/session/new?context=ted.www%2Fmain-nav&referer=https%3A%2F%2Fwww.ted.com%2Fabout%2Four-organization%2Four-policies-terms%2Fprivacy-policy
,,https://epathshala.nic.in/pages.php?id=privacy-policy&type=&ln=en
,,https://www.indiamart.com/privacy-policy.html
,,https://www.perfect365.com/about/privacy-policy-partners/
,,https://learningeasyapps.blogspot.com/2019/03/privacy-policy-of-learning-easy-apps.html
,,http://dictionaryworld11.blogspot.com/2017/03/privacy-policy.html
,,/login?continue=%2Fabout%2Fprivacy-policy
,,https://www.adjust.com/terms/privacy-policy/
,,http://binary-toys.ch/privacy-policy/
,,privacy-policy.html#home
,,/ur/privacy-policy
,,http://www.blackboard.com/legal/web-community-manager-privacy-policy.html
,,/privacy-policy
,,https://brilliantseasons.net/privacy-policy/
,,
,,
,,https://shahzaibhassanmirza.blogspot.com/2019/10/privacy-policy-effective-date-privacy.html
,,
,,http://theorytestapp.co.uk/privacy-policy/
,,
,,
,,/privacy-policy
,,
,,/privacy-policy.html
,,
,,/privacy-policy
,,https://english.pratilipi.com/privacy-policy
,,/account/login?returnUrl=%2Fprivacy-policy
,,https://helpmobisoft.blogspot.com/2020/05/this-privacy-policy-has-been-compiled.html
,,https://privacy.truecaller.com/privacy-policy
,,https://chaisoftware.wordpress.com/2017/02/06/chai-software-privacy-policy/
,,https://beaqappsolution.blogspot.com/2019/09/privacy-policy-beaq-app-solution-built.html
,,http://www.hiddenpath.com/privacy-policy/
,,https://www.facebook.com/dialog/share?app_id=180444840287&href=https%3A%2F%2Fwww.theguardian.com%2Fhelp%2Fprivacy-policy%3FCMP%3Dshare_btn_fb
,,
,,
,,https://www.whatsapp.com/legal/#privacy-policy
,,https://www.fulldive.com/privacy-policy
,,/privacy-policy
,,/privacy-policy
,,#privacy-policy
,,
,,privacy-policy.html
,,
,,/en/personal/privacy-policy.html
,,https://datscharf.wixsite.com/website/privacy-policy
,,https://www.mydhani.com/privacy-policy/
,,/privacy-policy
,,https://orangeannoe.wordpress.com/privacy-policy/
,,
,,/view/privacy-policy-of-time-cable/home
,,
,,
,,
,,https://www.freeprivacypolicy.com/free-privacy-policy-generator.php
,,https://holidaycalendarpro.blogspot.com/2019/03/holiday-calendar-privacy-policy.html
,,https://www.budgetbytes.com/login/?redirect_to=https%3A%2F%2Fwww.budgetbytes.com%2Fprivacy-policy%2F
,,/site/teamdzdev/privacy-policy
,,/customer-service/privacy-policy/
,,/view/techniman/privacy-policy
,,http://mycookbook-android.com/site/privacy-policy/
,,/ru/privacy-policy
,,https://www.wrldcraft.com/privacy-policy/
,,#teamviewer-website-privacy-policy
,,
,,
,,/privacy-policy/
,,https://www.iubenda.com/privacy-policy/8214744
,,
